,# OBS,RMSE,R2,MAE
TRAIN,34588,0.07598267605877923,0.29266969918916497,0.04027634982062882
TEST,8648,0.09774526433989539,-0.3390085833024903,0.05892354314037495
