,# OBS,RMSE,R2,MAE
TRAIN,34588,0.07601210087215703,0.29212175607428004,0.040286384431210014
TEST,8648,0.09782547377561131,-0.341207056857429,0.05893485913104383
