,# OBS,RMSE,R2,MAE
TRAIN,34588,0.14769321928063653,0.45621080561058913,0.11143594113606463
TEST,8648,0.17026731770241132,0.292868137196692,0.12822977796735527
