,# OBS,RMSE,R2,MAE
TRAIN,34588,0.14769321928063653,0.45621080561058913,0.11143594113606463
TEST,8648,0.17031498389001623,0.29247215987690334,0.12827171155940176
